Date,Ticker,Adj Close,Close,High,Low,Open,Volume
2026-02-18,A,126.94000244140625,126.94000244140625,126.98999786376953,123.05000305175781,123.63999938964844,1370400.0
2026-02-18,AAPL,264.3500061035156,264.3500061035156,266.82000732421875,262.45001220703125,263.6000061035156,34129600.0
2026-02-18,ABBV,228.72000122070312,228.72000122070312,234.0,226.07000732421875,234.0,5495100.0
2026-02-18,ABNB,124.2699966430664,124.2699966430664,126.0199966430664,122.5,124.18000030517578,4518500.0
2026-02-18,ABT,113.29000091552734,113.29000091552734,113.37999725341797,111.62999725341797,111.91999816894531,7824400.0
2026-02-18,ACGL,98.05999755859375,98.05999755859375,98.55000305175781,95.93000030517578,98.38999938964844,1758400.0
2026-02-18,ACN,223.61000061035156,223.61000061035156,224.25999450683594,217.16000366210938,219.4199981689453,4968700.0
2026-02-18,ADBE,263.1700134277344,263.1700134277344,263.5,257.1400146484375,260.45001220703125,5030900.0
2026-02-18,ADI,346.3699951171875,346.3699951171875,355.3599853515625,340.0,352.2099914550781,8472200.0
2026-02-18,ADM,67.5199966430664,67.5199966430664,68.86000061035156,67.19999694824219,68.2300033569336,3578600.0
2026-02-18,ADP,217.2100067138672,217.2100067138672,217.8300018310547,211.6199951171875,212.83999633789062,3363200.0
2026-02-18,ADSK,229.74000549316406,229.74000549316406,230.08999633789062,223.2100067138672,224.49000549316406,2009500.0
2026-02-18,AEE,108.30999755859375,108.30999755859375,110.94000244140625,108.26000213623047,110.55999755859375,1848100.0
2026-02-18,AEP,127.2699966430664,127.2699966430664,130.3000030517578,126.8499984741211,129.83999633789062,3625600.0
2026-02-18,AES,16.290000915527344,16.290000915527344,16.479999542236328,16.219999313354492,16.420000076293945,6415200.0
2026-02-18,AFL,113.62000274658203,113.62000274658203,115.13999938964844,113.11000061035156,114.79000091552734,1978600.0
2026-02-18,AIG,79.79000091552734,79.79000091552734,79.91999816894531,79.01000213623047,79.56999969482422,2842700.0
2026-02-18,AIZ,219.6999969482422,219.6999969482422,221.2899932861328,217.0800018310547,220.50999450683594,527500.0
2026-02-18,AJG,214.49000549316406,214.49000549316406,215.22999572753906,210.32000732421875,213.66000366210938,2387700.0
2026-02-18,AKAM,109.30999755859375,109.30999755859375,110.44000244140625,106.08000183105469,108.25,3483400.0
2026-02-18,ALB,171.22000122070312,171.22000122070312,175.2100067138672,170.80999755859375,171.8000030517578,2196300.0
2026-02-18,ALGN,190.82000732421875,190.82000732421875,191.47999572753906,187.61000061035156,187.82000732421875,1031800.0
2026-02-18,ALL,209.42999267578125,209.42999267578125,213.63999938964844,205.3000030517578,212.0,2234900.0
2026-02-18,ALLE,162.58999633789062,162.58999633789062,164.6699981689453,161.92999267578125,162.3000030517578,1322500.0
2026-02-18,AMAT,369.29998779296875,369.29998779296875,374.0,359.260009765625,361.6300048828125,8781400.0
2026-02-18,AMCR,49.59000015258789,49.59000015258789,49.95000076293945,49.33000183105469,49.470001220703125,4197400.0
2026-02-18,AMD,200.1199951171875,200.1199951171875,203.1999969482422,195.0,198.41000366210938,35603600.0
2026-02-18,AME,234.30999755859375,234.30999755859375,235.50999450683594,232.7100067138672,233.41000366210938,955500.0
2026-02-18,AMGN,379.7300109863281,379.7300109863281,380.5799865722656,370.44000244140625,373.5,2731900.0
2026-02-18,AMP,477.7900085449219,477.7900085449219,483.45001220703125,471.07000732421875,471.6700134277344,498100.0
2026-02-18,AMT,186.6199951171875,186.6199951171875,192.17999267578125,185.6300048828125,192.07000732421875,2636100.0
2026-02-18,AMZN,204.7899932861328,204.7899932861328,206.86000061035156,201.50999450683594,202.07000732421875,50927500.0
2026-02-18,ANET,139.5399932861328,139.5399932861328,142.5,136.69000244140625,140.4600067138672,9952700.0
2026-02-18,AON,322.9800109863281,322.9800109863281,326.4100036621094,321.0299987792969,322.92999267578125,1172300.0
2026-02-18,AOS,78.95999908447266,78.95999908447266,79.9000015258789,78.7300033569336,79.2300033569336,873400.0
2026-02-18,APA,28.610000610351562,28.610000610351562,28.860000610351562,27.799999237060547,27.850000381469727,8786200.0
2026-02-18,APD,282.3900146484375,282.3900146484375,282.82000732421875,278.6199951171875,279.45001220703125,1896200.0
2026-02-18,APH,147.72999572753906,147.72999572753906,151.3699951171875,147.0800018310547,150.0,7484600.0
2026-02-18,APO,125.36000061035156,125.36000061035156,126.7300033569336,123.80000305175781,124.5,3322700.0
2026-02-18,APP,404.3900146484375,404.3900146484375,407.17999267578125,372.5,379.9949951171875,5729500.0
2026-02-18,APTV,83.80999755859375,83.80999755859375,84.33000183105469,82.37999725341797,82.69000244140625,1315700.0
2026-02-18,ARE,54.15999984741211,54.15999984741211,55.02000045776367,53.93000030517578,54.279998779296875,1471400.0
2026-02-18,ARES,133.97000122070312,133.97000122070312,134.53500366210938,130.97999572753906,130.97999572753906,1930700.0
2026-02-18,ATO,178.1199951171875,178.1199951171875,180.38999938964844,177.6300048828125,179.9499969482422,1584100.0
2026-02-18,AVB,178.05999755859375,178.05999755859375,178.6699981689453,176.52000427246094,177.88999938964844,678100.0
2026-02-18,AVGO,333.510009765625,333.510009765625,337.8800048828125,327.2300109863281,329.5199890136719,13540400.0
2026-02-18,AVY,195.41000366210938,195.41000366210938,195.92999267578125,193.1699981689453,194.02999877929688,328500.0
2026-02-18,AWK,131.16000366210938,131.16000366210938,134.60000610351562,130.44000244140625,132.3699951171875,2357500.0
2026-02-18,AXON,430.1199951171875,430.1199951171875,443.5299987792969,427.010009765625,433.989990234375,691200.0
2026-02-18,AXP,346.239990234375,346.239990234375,348.04998779296875,345.0,346.0899963378906,1900600.0
2026-02-18,AZO,3744.639892578125,3744.639892578125,3756.110107421875,3680.639892578125,3728.97998046875,93900.0
2026-02-18,BA,238.92999267578125,238.92999267578125,245.0800018310547,238.60000610351562,244.5500030517578,4916900.0
2026-02-18,BAC,53.36000061035156,53.36000061035156,53.61000061035156,52.790000915527344,52.9900016784668,30697800.0
2026-02-18,BALL,66.30999755859375,66.30999755859375,67.0199966430664,66.16000366210938,66.58999633789062,2262600.0
2026-02-18,BAX,21.8700008392334,21.8700008392334,22.079999923706055,20.530000686645508,20.579999923706055,14098100.0
2026-02-18,BBY,66.91000366210938,66.91000366210938,67.69000244140625,65.27999877929688,66.37000274658203,3191000.0
2026-02-18,BDX,182.67999267578125,182.67999267578125,182.8800048828125,177.02999877929688,177.38999938964844,2696200.0
2026-02-18,BEN,27.90999984741211,27.90999984741211,28.170000076293945,27.450000762939453,27.479999542236328,4224200.0
2026-02-18,BF.B,,,,,,
2026-02-18,BG,121.7699966430664,121.7699966430664,123.77999877929688,120.33000183105469,121.87999725341797,1343300.0
2026-02-18,BIIB,194.1300048828125,194.1300048828125,195.67999267578125,193.11000061035156,195.32000732421875,1049000.0
2026-02-18,BK,119.48999786376953,119.48999786376953,120.54000091552734,118.66999816894531,119.05999755859375,4359600.0
2026-02-18,BKNG,4269.990234375,4269.990234375,4294.330078125,4100.0,4106.259765625,674900.0
2026-02-18,BKR,61.540000915527344,61.540000915527344,61.7400016784668,60.599998474121094,61.130001068115234,5266500.0
2026-02-18,BLDR,113.9000015258789,113.9000015258789,117.33999633789062,113.0,115.75,2052800.0
2026-02-18,BLK,1092.260009765625,1092.260009765625,1103.7900390625,1070.3499755859375,1080.239990234375,700000.0
2026-02-18,BMY,59.72999954223633,59.72999954223633,60.40999984741211,59.38999938964844,60.22999954223633,9435800.0
2026-02-18,BR,178.1199951171875,178.1199951171875,178.24000549316406,174.57000732421875,174.57000732421875,1408800.0
2026-02-18,BRK.B,,,,,,
2026-02-18,BRO,69.69000244140625,69.69000244140625,69.86000061035156,68.37999725341797,68.8499984741211,4371400.0
2026-02-18,BSX,76.27999877929688,76.27999877929688,76.36000061035156,75.30999755859375,76.22000122070312,9344900.0
2026-02-18,BX,132.89999389648438,132.89999389648438,134.86000061035156,130.57000732421875,131.7899932861328,5390900.0
2026-02-18,BXP,61.54999923706055,61.54999923706055,61.83000183105469,60.400001525878906,60.5099983215332,2366900.0
2026-02-18,C,116.2699966430664,116.2699966430664,117.04000091552734,114.97000122070312,115.04000091552734,11678400.0
2026-02-18,CAG,18.790000915527344,18.790000915527344,18.850000381469727,18.360000610351562,18.84000015258789,21771800.0
2026-02-18,CAH,224.99000549316406,224.99000549316406,225.89999389648438,222.58999633789062,225.33999633789062,1050300.0
2026-02-18,CARR,64.33000183105469,64.33000183105469,66.55000305175781,64.26000213623047,66.41999816894531,5748300.0
2026-02-18,CAT,751.969970703125,751.969970703125,772.7000122070312,750.3800048828125,765.1099853515625,2562400.0
2026-02-18,CB,329.2900085449219,329.2900085449219,333.489990234375,327.489990234375,332.5,1558100.0
2026-02-18,CBOE,285.3900146484375,285.3900146484375,286.70001220703125,282.510009765625,285.0,781300.0
2026-02-18,CBRE,152.00999450683594,152.00999450683594,153.1300048828125,141.67999267578125,143.08999633789062,4949700.0
2026-02-18,CCI,87.43000030517578,87.43000030517578,91.86000061035156,87.2300033569336,91.56999969482422,4538900.0
2026-02-18,CCL,32.540000915527344,32.540000915527344,33.16999816894531,31.84000015258789,32.15999984741211,17399200.0
2026-02-18,CDNS,305.010009765625,305.010009765625,311.70001220703125,299.17999267578125,302.9599914550781,3947300.0
2026-02-18,CDW,124.29000091552734,124.29000091552734,126.05999755859375,123.01000213623047,124.95999908447266,2245100.0
2026-02-18,CEG,294.04998779296875,294.04998779296875,310.6549987792969,290.68798828125,305.7099914550781,3792000.0
2026-02-18,CF,95.81999969482422,95.81999969482422,96.55000305175781,93.08000183105469,94.05000305175781,2764200.0
2026-02-18,CFG,65.04000091552734,65.04000091552734,65.63999938964844,64.4000015258789,64.5,5148600.0
2026-02-18,CHD,102.66999816894531,102.66999816894531,102.91999816894531,99.43000030517578,99.43000030517578,2849000.0
2026-02-18,CHRW,185.86000061035156,185.86000061035156,186.25999450683594,176.02999877929688,176.3699951171875,2969600.0
2026-02-18,CHTR,239.13999938964844,239.13999938964844,241.14999389648438,236.02999877929688,236.47999572753906,1286100.0
2026-02-18,CI,290.1199951171875,290.1199951171875,292.1300048828125,287.6099853515625,290.3399963378906,932700.0
2026-02-18,CIEN,310.9599914550781,310.9599914550781,317.2799987792969,299.9599914550781,302.7200012207031,2223100.0
2026-02-18,CINF,163.25,163.25,166.00999450683594,162.3699951171875,165.55999755859375,423800.0
2026-02-18,CL,95.58000183105469,95.58000183105469,95.93000030517578,95.0,95.29000091552734,5617000.0
2026-02-18,CLX,123.19999694824219,123.19999694824219,124.0999984741211,121.88999938964844,122.77999877929688,1599300.0
2026-02-18,CMCSA,31.600000381469727,31.600000381469727,31.81999969482422,31.34000015258789,31.6200008392334,20761800.0
2026-02-18,CME,302.54998779296875,302.54998779296875,304.94000244140625,299.4800109863281,303.239990234375,2046300.0
2026-02-18,CMG,38.720001220703125,38.720001220703125,39.20000076293945,38.119998931884766,38.119998931884766,12121000.0
2026-02-18,CMI,593.0,593.0,602.5599975585938,589.5800170898438,595.4500122070312,1053400.0
2026-02-18,CMS,75.11000061035156,75.11000061035156,76.43000030517578,74.98999786376953,76.27999877929688,3295600.0
2026-02-18,CNC,43.06999969482422,43.06999969482422,43.13999938964844,41.060001373291016,41.5,4577400.0
2026-02-18,CNP,41.93000030517578,41.93000030517578,42.7599983215332,41.900001525878906,42.650001525878906,7468400.0
2026-02-18,COF,209.8800048828125,209.8800048828125,210.6199951171875,206.41000366210938,207.32000732421875,4393000.0
2026-02-18,COIN,164.0500030517578,164.0500030517578,173.8800048828125,163.14999389648438,165.39999389648438,13758200.0
2026-02-18,COO,83.4000015258789,83.4000015258789,83.55999755859375,81.19000244140625,81.7699966430664,1580200.0
2026-02-18,COP,110.5199966430664,110.5199966430664,110.80999755859375,108.83999633789062,109.91999816894531,9455500.0
2026-02-18,COR,360.2300109863281,360.2300109863281,362.6000061035156,358.1600036621094,359.4599914550781,1032700.0
2026-02-18,COST,996.0800170898438,996.0800170898438,1016.0,993.5,1010.0,1925900.0
2026-02-18,CPAY,349.19000244140625,349.19000244140625,350.1199951171875,342.30999755859375,342.92999267578125,771900.0
2026-02-18,CPB,27.530000686645508,27.530000686645508,28.030000686645508,27.34000015258789,27.719999313354492,4978700.0
2026-02-18,CPRT,37.75,37.75,37.939998626708984,37.20000076293945,37.470001220703125,15725800.0
2026-02-18,CPT,108.56999969482422,108.56999969482422,109.12000274658203,108.0,108.58000183105469,611300.0
2026-02-18,CRH,124.75,124.75,124.91999816894531,121.63999938964844,123.4800033569336,5666300.0
2026-02-18,CRL,158.0,158.0,158.4499969482422,146.3300018310547,146.82000732421875,2541200.0
2026-02-18,CRM,187.7899932861328,187.7899932861328,188.13999938964844,181.86000061035156,183.8800048828125,9849300.0
2026-02-18,CRWD,415.760009765625,415.760009765625,421.760009765625,402.0,409.75,2747800.0
2026-02-18,CSCO,78.18000030517578,78.18000030517578,78.5999984741211,76.48999786376953,76.55000305175781,20643000.0
2026-02-18,CSGP,48.939998626708984,48.939998626708984,49.06999969482422,46.369998931884766,46.369998931884766,7988300.0
2026-02-18,CSX,41.36000061035156,41.36000061035156,41.43000030517578,40.84000015258789,40.9900016784668,10625000.0
2026-02-18,CTAS,196.41000366210938,196.41000366210938,196.52999877929688,193.19000244140625,195.25,1032800.0
2026-02-18,CTRA,31.469999313354492,31.469999313354492,31.8700008392334,31.110000610351562,31.5,9017100.0
2026-02-18,CTSH,66.80999755859375,66.80999755859375,67.13999938964844,64.31999969482422,64.94999694824219,6097700.0
2026-02-18,CTVA,76.58999633789062,76.58999633789062,76.62000274658203,75.66500091552734,75.94999694824219,3039400.0
2026-02-18,CVNA,361.5299987792969,361.5299987792969,366.260009765625,339.1499938964844,339.1499938964844,9343500.0
2026-02-18,CVS,77.75,77.75,78.08000183105469,77.01000213623047,77.9000015258789,5217200.0
2026-02-18,CVX,183.8699951171875,183.8699951171875,183.9199981689453,181.97999572753906,183.22999572753906,10309600.0
2026-02-18,D,64.72000122070312,64.72000122070312,66.0,64.56999969482422,65.73999786376953,6582100.0
2026-02-18,DAL,71.11000061035156,71.11000061035156,71.72000122070312,68.0,69.18000030517578,7741500.0
2026-02-18,DASH,173.3800048828125,173.3800048828125,175.1699981689453,162.07000732421875,162.58999633789062,13835000.0
2026-02-18,DD,51.349998474121094,51.349998474121094,51.9900016784668,51.060001373291016,51.310001373291016,4500300.0
2026-02-18,DDOG,121.77999877929688,121.77999877929688,122.28800201416016,115.5999984741211,116.98500061035156,7060600.0
2026-02-18,DE,593.27001953125,593.27001953125,603.8099975585938,590.9199829101562,603.8099975585938,2557500.0
2026-02-18,DECK,118.88999938964844,118.88999938964844,119.16000366210938,115.5999984741211,116.33999633789062,1893500.0
2026-02-18,DELL,116.77999877929688,116.77999877929688,117.45999908447266,112.86000061035156,114.8499984741211,5780000.0
2026-02-18,DG,152.02000427246094,152.02000427246094,153.82000732421875,149.1199951171875,149.39999389648438,2564400.0
2026-02-18,DGX,204.38999938964844,204.38999938964844,206.75,203.1699981689453,205.27000427246094,871700.0
2026-02-18,DHI,167.25,167.25,168.55999755859375,165.85000610351562,166.94000244140625,2808900.0
2026-02-18,DHR,208.55999755859375,208.55999755859375,209.3000030517578,204.22000122070312,205.85000610351562,4646900.0
2026-02-18,DIS,107.0999984741211,107.0999984741211,107.7300033569336,105.80999755859375,105.95999908447266,8791600.0
2026-02-18,DLR,176.02000427246094,176.02000427246094,179.97999572753906,175.22000122070312,179.6999969482422,2283600.0
2026-02-18,DLTR,132.5399932861328,132.5399932861328,133.55999755859375,126.7699966430664,128.1699981689453,3364200.0
2026-02-18,DOC,17.1200008392334,17.1200008392334,17.309999465942383,17.040000915527344,17.18000030517578,8566200.0
2026-02-18,DOV,232.0800018310547,232.0800018310547,234.72999572753906,231.13999938964844,233.52000427246094,1392800.0
2026-02-18,DOW,31.579999923706055,31.579999923706055,32.47999954223633,31.440000534057617,31.649999618530273,10918600.0
2026-02-18,DPZ,382.989990234375,382.989990234375,384.32000732421875,372.0400085449219,374.79998779296875,841400.0
2026-02-18,DRI,216.41000366210938,216.41000366210938,220.64999389648438,216.3699951171875,216.52000427246094,1104400.0
2026-02-18,DTE,142.6199951171875,142.6199951171875,144.8699951171875,142.08999633789062,144.63999938964844,1115800.0
2026-02-18,DUK,125.23999786376953,125.23999786376953,126.9000015258789,124.77999877929688,126.9000015258789,4110900.0
2026-02-18,DVA,147.75,147.75,150.41000366210938,146.0800018310547,149.7100067138672,719300.0
2026-02-18,DVN,44.439998626708984,44.439998626708984,45.31999969482422,43.54999923706055,44.5,14961900.0
2026-02-18,DXCM,72.80000305175781,72.80000305175781,73.23999786376953,70.02999877929688,70.70999908447266,4450300.0
2026-02-18,EA,200.22999572753906,200.22999572753906,200.74000549316406,199.27000427246094,199.41000366210938,1905000.0
2026-02-18,EBAY,82.18000030517578,82.18000030517578,83.13999938964844,79.4000015258789,79.87000274658203,11276800.0
2026-02-18,ECL,302.5899963378906,302.5899963378906,305.5199890136719,300.7799987792969,303.6099853515625,1268300.0
2026-02-18,ED,111.61000061035156,111.61000061035156,113.26000213623047,111.05000305175781,112.83999633789062,1844800.0
2026-02-18,EFX,192.58999633789062,192.58999633789062,195.74000549316406,192.05999755859375,193.72000122070312,1055800.0
2026-02-18,EG,345.510009765625,345.510009765625,347.1099853515625,341.44000244140625,345.6300048828125,396900.0
2026-02-18,EIX,69.69999694824219,69.69999694824219,71.8499984741211,69.55999755859375,71.62999725341797,4720800.0
2026-02-18,EL,111.5999984741211,111.5999984741211,113.83999633789062,111.19000244140625,111.98999786376953,5347000.0
2026-02-18,ELV,346.239990234375,346.239990234375,346.8699951171875,341.04998779296875,342.75,967400.0
2026-02-18,EME,783.0599975585938,783.0599975585938,806.3699951171875,780.6400146484375,797.5,415600.0
2026-02-18,EMR,151.13999938964844,151.13999938964844,153.4199981689453,149.3300018310547,150.2100067138672,3699400.0
2026-02-18,EOG,122.2699966430664,122.2699966430664,122.62999725341797,120.25,121.63999938964844,5583200.0
2026-02-18,EPAM,167.69000244140625,167.69000244140625,170.4600067138672,161.86000061035156,164.4499969482422,1306000.0
2026-02-18,EQIX,924.239990234375,924.239990234375,949.969970703125,918.2000122070312,948.2999877929688,837500.0
2026-02-18,EQR,63.59000015258789,63.59000015258789,63.93000030517578,63.09000015258789,63.470001220703125,1872600.0
2026-02-18,EQT,58.630001068115234,58.630001068115234,59.54999923706055,55.810001373291016,56.279998779296875,12992900.0
2026-02-18,ERIE,277.3999938964844,277.3999938964844,285.17999267578125,277.1499938964844,283.6499938964844,158200.0
2026-02-18,ES,71.72000122070312,71.72000122070312,73.51000213623047,71.58999633789062,73.19999694824219,2263800.0
2026-02-18,ESS,256.17999267578125,256.17999267578125,256.6600036621094,251.75999450683594,253.3000030517578,383300.0
2026-02-18,ETN,380.3800048828125,380.3800048828125,397.0,379.0199890136719,393.8900146484375,2738800.0
2026-02-18,ETR,102.38999938964844,102.38999938964844,104.62999725341797,102.05000305175781,104.47000122070312,1880400.0
2026-02-18,EVRG,80.4000015258789,80.4000015258789,81.51000213623047,80.23999786376953,81.3499984741211,2089000.0
2026-02-18,EW,78.9800033569336,78.9800033569336,79.08000183105469,77.72000122070312,78.38999938964844,4116900.0
2026-02-18,EXC,47.2400016784668,47.2400016784668,48.08000183105469,47.029998779296875,47.95000076293945,7978700.0
2026-02-18,EXE,99.5199966430664,99.5199966430664,104.93000030517578,98.3499984741211,104.16999816894531,8268700.0
2026-02-18,EXPD,149.5800018310547,149.5800018310547,149.66000366210938,146.75999450683594,147.0,1601400.0
2026-02-18,EXPE,203.7899932861328,203.7899932861328,207.22000122070312,197.99000549316406,199.00999450683594,4171600.0
2026-02-18,EXR,145.17999267578125,145.17999267578125,148.72999572753906,144.77999877929688,147.52999877929688,1627900.0
2026-02-18,F,13.850000381469727,13.850000381469727,14.140000343322754,13.8100004196167,14.109999656677246,64086600.0
2026-02-18,FANG,174.00999450683594,174.00999450683594,174.1699981689453,169.47999572753906,171.0500030517578,2497700.0
2026-02-18,FAST,45.97999954223633,45.97999954223633,46.119998931884766,45.290000915527344,45.61000061035156,5214600.0
2026-02-18,FCX,62.54999923706055,62.54999923706055,63.18000030517578,61.54999923706055,62.7599983215332,17242400.0
2026-02-18,FDS,197.9199981689453,197.9199981689453,199.52000427246094,191.41000366210938,191.41000366210938,1291300.0
2026-02-18,FDX,383.0799865722656,383.0799865722656,383.5899963378906,375.0199890136719,375.0199890136719,1509800.0
2026-02-18,FE,48.939998626708984,48.939998626708984,50.09000015258789,48.77000045776367,49.439998626708984,8848200.0
2026-02-18,FFIV,277.69000244140625,277.69000244140625,278.7200012207031,267.6199951171875,270.1300048828125,535400.0
2026-02-18,FICO,1366.9300537109375,1366.9300537109375,1385.780029296875,1347.6800537109375,1360.0899658203125,205000.0
2026-02-18,FIS,48.58000183105469,48.58000183105469,48.68000030517578,47.54999923706055,47.779998779296875,5479000.0
2026-02-18,FISV,63.0099983215332,63.0099983215332,64.4000015258789,61.81999969482422,63.40999984741211,8722100.0
2026-02-18,FITB,53.66999816894531,53.66999816894531,54.130001068115234,52.83000183105469,53.119998931884766,11271400.0
2026-02-18,FIX,1319.469970703125,1319.469970703125,1372.0,1314.219970703125,1344.0400390625,457700.0
2026-02-18,FOX,52.2599983215332,52.2599983215332,52.45000076293945,50.75,51.130001068115234,2188000.0
2026-02-18,FOXA,57.16999816894531,57.16999816894531,57.439998626708984,55.45500183105469,56.505001068115234,5018100.0
2026-02-18,FRT,105.44999694824219,105.44999694824219,106.54000091552734,105.02999877929688,106.45999908447266,727200.0
2026-02-18,FSLR,238.57000732421875,238.57000732421875,239.1199951171875,224.1999969482422,227.33999633789062,2556700.0
2026-02-18,FTNT,80.69000244140625,80.69000244140625,81.26000213623047,79.33999633789062,80.9000015258789,5851800.0
2026-02-18,FTV,58.33000183105469,58.33000183105469,58.790000915527344,56.790000915527344,56.9900016784668,3760900.0
2026-02-18,GD,349.489990234375,349.489990234375,349.54998779296875,343.67999267578125,344.8599853515625,1232200.0
2026-02-18,GDDY,90.55999755859375,90.55999755859375,91.11000061035156,89.01000213623047,91.11000061035156,1840000.0
2026-02-18,GE,329.5799865722656,329.5799865722656,331.7900085449219,326.5,330.3500061035156,3987500.0
2026-02-18,GEHC,82.94999694824219,82.94999694824219,83.18000030517578,80.88999938964844,81.62000274658203,2263300.0
2026-02-18,GEN,23.100000381469727,23.100000381469727,23.290000915527344,22.790000915527344,22.950000762939453,5337700.0
2026-02-18,GEV,817.5499877929688,817.5499877929688,832.9000244140625,811.0,820.0,1808400.0
2026-02-18,GILD,152.74000549316406,152.74000549316406,156.00999450683594,152.3699951171875,156.00999450683594,5189700.0
2026-02-18,GIS,45.36000061035156,45.36000061035156,45.54999923706055,43.93000030517578,44.34000015258789,8944800.0
2026-02-18,GL,143.60000610351562,143.60000610351562,147.30999755859375,142.41000366210938,145.92999267578125,411600.0
2026-02-18,GLW,132.00999450683594,132.00999450683594,135.91000366210938,131.30999755859375,131.52999877929688,8252100.0
2026-02-18,GM,83.66999816894531,83.66999816894531,83.93000030517578,81.69999694824219,81.94999694824219,8425600.0
2026-02-18,GNRC,228.35000610351562,228.35000610351562,233.0500030517578,224.3800048828125,232.66000366210938,1577000.0
2026-02-18,GOOG,303.94000244140625,303.94000244140625,305.9100036621094,301.9800109863281,302.4320068359375,15815100.0
2026-02-18,GOOGL,303.3299865722656,303.3299865722656,305.3800048828125,301.25,302.0899963378906,28447700.0
2026-02-18,GPC,120.91000366210938,120.91000366210938,124.31999969482422,119.36000061035156,123.13999938964844,2668000.0
2026-02-18,GPN,81.26000213623047,81.26000213623047,81.66999816894531,76.0,79.55000305175781,8574500.0
2026-02-18,GRMN,237.4600067138672,237.4600067138672,256.79998779296875,236.19000244140625,251.19000244140625,3050200.0
2026-02-18,GS,933.72998046875,933.72998046875,947.7000122070312,919.97998046875,921.5800170898438,1864200.0
2026-02-18,GWW,1134.0400390625,1134.0400390625,1143.5799560546875,1128.1600341796875,1131.75,158500.0
2026-02-18,HAL,34.77000045776367,34.77000045776367,34.880001068115234,34.189998626708984,34.34000015258789,9983600.0
2026-02-18,HAS,101.16999816894531,101.16999816894531,102.8499984741211,100.83000183105469,101.69000244140625,1595400.0
2026-02-18,HBAN,17.889999389648438,17.889999389648438,17.93000030517578,17.479999542236328,17.510000228881836,27277700.0
2026-02-18,HCA,535.02001953125,535.02001953125,535.7999877929688,530.0,533.0,802600.0
2026-02-18,HD,383.5199890136719,383.5199890136719,385.1199951171875,379.5400085449219,382.75,2981000.0
2026-02-18,HIG,141.25999450683594,141.25999450683594,143.74000549316406,139.97999572753906,143.16000366210938,2456000.0
2026-02-18,HII,424.8900146484375,424.8900146484375,426.9700012207031,417.7200012207031,422.17999267578125,350300.0
2026-02-18,HLT,315.8800048828125,315.8800048828125,319.69000244140625,313.7799987792969,316.239990234375,1929900.0
2026-02-18,HOLX,75.19999694824219,75.19999694824219,75.2699966430664,75.0999984741211,75.11000061035156,3268700.0
2026-02-18,HON,241.13999938964844,241.13999938964844,243.13999938964844,239.11000061035156,242.94000244140625,2852300.0
2026-02-18,HOOD,75.20999908447266,75.20999908447266,78.26499938964844,74.05999755859375,74.79000091552734,25589100.0
2026-02-18,HPE,21.549999237060547,21.549999237060547,22.020000457763672,21.46500015258789,21.780000686645508,17104600.0
2026-02-18,HPQ,18.350000381469727,18.350000381469727,18.719999313354492,18.25,18.399999618530273,17977900.0
2026-02-18,HRL,24.479999542236328,24.479999542236328,24.520000457763672,23.549999237060547,23.549999237060547,7271200.0
2026-02-18,HSIC,78.02999877929688,78.02999877929688,79.1500015258789,76.7699966430664,76.93000030517578,1044600.0
2026-02-18,HST,20.260000228881836,20.260000228881836,20.3700008392334,19.799999237060547,19.809999465942383,12301100.0
2026-02-18,HSY,222.0399932861328,222.0399932861328,222.25,215.61000061035156,219.66000366210938,2469000.0
2026-02-18,HUBB,522.2999877929688,522.2999877929688,528.5299072265625,517.5700073242188,523.989990234375,505908.0
2026-02-18,HUM,187.1199951171875,187.1199951171875,187.97000122070312,183.0500030517578,185.27999877929688,1415800.0
2026-02-18,HWM,249.35000610351562,249.35000610351562,254.27999877929688,247.10000610351562,254.02999877929688,3187200.0
2026-02-18,IBKR,74.9000015258789,74.9000015258789,75.48999786376953,73.29000091552734,73.47000122070312,4591600.0
2026-02-18,IBM,260.7900085449219,260.7900085449219,261.1099853515625,256.25,258.6400146484375,3948000.0
2026-02-18,ICE,155.19000244140625,155.19000244140625,155.92999267578125,153.6699981689453,154.77000427246094,3086400.0
2026-02-18,IDXX,634.9000244140625,634.9000244140625,639.1900024414062,623.4199829101562,625.8900146484375,348200.0
2026-02-18,IEX,208.97999572753906,208.97999572753906,211.63999938964844,207.99000549316406,209.08999633789062,747600.0
2026-02-18,IFF,82.95999908447266,82.95999908447266,83.31999969482422,81.62000274658203,82.62999725341797,1450900.0
2026-02-18,INCY,102.98999786376953,102.98999786376953,103.69000244140625,100.6500015258789,100.7699966430664,1607200.0
2026-02-18,INTC,45.459999084472656,45.459999084472656,46.77000045776367,44.880001068115234,45.91999816894531,65171600.0
2026-02-18,INTU,389.57000732421875,389.57000732421875,398.1300048828125,375.5,380.25,4526100.0
2026-02-18,INVH,26.84000015258789,26.84000015258789,27.239999771118164,26.68000030517578,27.110000610351562,7363400.0
2026-02-18,IP,48.47999954223633,48.47999954223633,49.61000061035156,48.45000076293945,49.02000045776367,4923900.0
2026-02-18,IQV,171.05999755859375,171.05999755859375,171.13999938964844,163.35000610351562,164.72999572753906,2597800.0
2026-02-18,IR,97.19999694824219,97.19999694824219,100.0,96.94000244140625,99.63999938964844,2957600.0
2026-02-18,IRM,105.83000183105469,105.83000183105469,109.12999725341797,105.13999938964844,108.58999633789062,2159400.0
2026-02-18,ISRG,500.760009765625,500.760009765625,502.8800048828125,490.6400146484375,494.239990234375,1464300.0
2026-02-18,IT,161.25,161.25,162.25999450683594,156.47000122070312,158.17999267578125,1413700.0
2026-02-18,ITW,296.1600036621094,296.1600036621094,298.6400146484375,295.3599853515625,298.1400146484375,1082700.0
2026-02-18,IVZ,26.739999771118164,26.739999771118164,27.020000457763672,26.209999084472656,26.43000030517578,6258500.0
2026-02-18,J,141.49000549316406,141.49000549316406,142.50999450683594,136.27000427246094,136.27000427246094,907600.0
2026-02-18,JBHT,223.4499969482422,223.4499969482422,225.4499969482422,221.17999267578125,222.7899932861328,493300.0
2026-02-18,JBL,260.5400085449219,260.5400085449219,265.0,255.3800048828125,257.0799865722656,889300.0
2026-02-18,JCI,139.47999572753906,139.47999572753906,143.0,139.39999389648438,141.8699951171875,4417900.0
2026-02-18,JKHY,158.75999450683594,158.75999450683594,160.2899932861328,157.30999755859375,159.0,1086700.0
2026-02-18,JNJ,244.99000549316406,244.99000549316406,245.07000732421875,242.82000732421875,243.24000549316406,8129100.0
2026-02-18,JPM,308.7799987792969,308.7799987792969,312.2799987792969,307.2200012207031,308.4599914550781,7207500.0
2026-02-18,KDP,29.139999389648438,29.139999389648438,29.399999618530273,28.84000015258789,29.1299991607666,6377100.0
2026-02-18,KEY,21.940000534057617,21.940000534057617,22.149999618530273,21.700000762939453,21.780000686645508,14429400.0
2026-02-18,KEYS,239.8300018310547,239.8300018310547,243.0,236.52999877929688,237.4499969482422,1033900.0
2026-02-18,KHC,23.950000762939453,23.950000762939453,24.139999389648438,23.440000534057617,23.795000076293945,15716200.0
2026-02-18,KIM,22.65999984741211,22.65999984741211,23.15999984741211,22.610000610351562,23.110000610351562,6702300.0
2026-02-18,KKR,103.5999984741211,103.5999984741211,105.41000366210938,101.5,102.38999938964844,5653400.0
2026-02-18,KLAC,1480.300048828125,1480.300048828125,1502.8399658203125,1467.5699462890625,1478.0999755859375,651000.0
2026-02-18,KMB,109.9000015258789,109.9000015258789,110.69999694824219,107.27999877929688,107.5199966430664,5742700.0
2026-02-18,KMI,32.290000915527344,32.290000915527344,32.560001373291016,32.13999938964844,32.5,11952000.0
2026-02-18,KO,79.48999786376953,79.48999786376953,79.83999633789062,78.91999816894531,79.5,16301000.0
2026-02-18,KR,68.86000061035156,68.86000061035156,69.68000030517578,68.25,69.54000091552734,5530400.0
2026-02-18,KVUE,18.8799991607666,18.8799991607666,18.96500015258789,18.389999389648438,18.540000915527344,49139100.0
2026-02-18,L,108.66000366210938,108.66000366210938,110.55999755859375,108.4800033569336,110.37999725341797,781600.0
2026-02-18,LDOS,171.52999877929688,171.52999877929688,172.02000427246094,161.0500030517578,163.44000244140625,2091500.0
2026-02-18,LEN,121.26000213623047,121.26000213623047,123.13999938964844,120.62000274658203,121.45999908447266,1414500.0
2026-02-18,LH,278.760009765625,278.760009765625,280.7699890136719,274.1499938964844,279.3699951171875,795100.0
2026-02-18,LHX,352.1199951171875,352.1199951171875,353.4200134277344,349.0,350.6600036621094,1042100.0
2026-02-18,LII,553.8900146484375,553.8900146484375,568.3499755859375,547.4099731445312,561.780029296875,569000.0
2026-02-18,LIN,485.2799987792969,485.2799987792969,488.2699890136719,482.6000061035156,482.8299865722656,2450300.0
2026-02-18,LLY,1020.5599975585938,1020.5599975585938,1037.5400390625,1011.3099975585938,1032.3599853515625,3235800.0
2026-02-18,LMT,649.8099975585938,649.8099975585938,660.5499877929688,647.1900024414062,657.1699829101562,1349500.0
2026-02-18,LNT,69.52999877929688,69.52999877929688,71.31999969482422,69.5,71.0999984741211,2799400.0
2026-02-18,LOW,282.1300048828125,282.1300048828125,283.8699951171875,278.0,280.4200134277344,2018700.0
2026-02-18,LRCX,240.08999633789062,240.08999633789062,245.27000427246094,234.10000610351562,236.3800048828125,10093100.0
2026-02-18,LULU,182.1300048828125,182.1300048828125,182.5800018310547,176.0,177.00999450683594,1750800.0
2026-02-18,LUV,54.79999923706055,54.79999923706055,54.88999938964844,53.150001525878906,53.68000030517578,13315900.0
2026-02-18,LVS,58.84000015258789,58.84000015258789,59.27000045776367,57.56999969482422,57.56999969482422,2790200.0
2026-02-18,LW,48.86000061035156,48.86000061035156,49.10499954223633,47.85499954223633,47.85499954223633,1361500.0
2026-02-18,LYB,55.970001220703125,55.970001220703125,57.02000045776367,55.720001220703125,56.43000030517578,4402900.0
2026-02-18,LYV,155.77999877929688,155.77999877929688,160.4499969482422,154.24000549316406,159.92999267578125,3553300.0
2026-02-18,MA,527.97998046875,527.97998046875,530.760009765625,519.4000244140625,522.489990234375,3575300.0
2026-02-18,MAA,135.1199951171875,135.1199951171875,135.36000061035156,133.44000244140625,134.5,797400.0
2026-02-18,MAR,356.0,356.0,360.1700134277344,352.8599853515625,355.5299987792969,1917000.0
2026-02-18,MAS,76.72000122070312,76.72000122070312,77.8499984741211,75.88999938964844,76.43000030517578,2852200.0
2026-02-18,MCD,327.8900146484375,327.8900146484375,328.79998779296875,323.8299865722656,327.2699890136719,3661300.0
2026-02-18,MCHP,79.11000061035156,79.11000061035156,81.0,78.45999908447266,80.66999816894531,6953400.0
2026-02-18,MCK,946.969970703125,946.969970703125,950.4199829101562,935.0,947.4299926757812,522400.0
2026-02-18,MCO,450.760009765625,450.760009765625,451.989990234375,434.510009765625,438.8399963378906,2359500.0
2026-02-18,MDLZ,60.08000183105469,60.08000183105469,60.31999969482422,59.349998474121094,59.900001525878906,7886500.0
2026-02-18,MDT,98.48999786376953,98.48999786376953,98.55000305175781,95.94999694824219,96.0,10367800.0
2026-02-18,MET,79.22000122070312,79.22000122070312,79.68000030517578,78.70999908447266,78.87999725341797,2891200.0
2026-02-18,META,643.219970703125,643.219970703125,645.0,628.1500244140625,633.7999877929688,14625600.0
2026-02-18,MGM,37.189998626708984,37.189998626708984,37.29999923706055,34.47999954223633,34.560001373291016,5581100.0
2026-02-18,MKC,70.0199966430664,70.0199966430664,70.26000213623047,69.36000061035156,69.69000244140625,2941100.0
2026-02-18,MLM,661.72998046875,661.72998046875,672.5999755859375,659.010009765625,668.5,491100.0
2026-02-18,MMM,164.1699981689453,164.1699981689453,167.1999969482422,162.50999450683594,166.83999633789062,4211100.0
2026-02-18,MNST,83.18000030517578,83.18000030517578,83.91000366210938,82.36000061035156,82.80999755859375,7180600.0
2026-02-18,MO,66.7699966430664,66.7699966430664,67.12000274658203,66.41000366210938,66.6500015258789,7134000.0
2026-02-18,MOH,142.61000061035156,142.61000061035156,143.11000061035156,134.08999633789062,135.4499969482422,2038100.0
2026-02-18,MOS,29.440000534057617,29.440000534057617,29.610000610351562,28.84000015258789,29.079999923706055,4368400.0
2026-02-18,MPC,199.57000732421875,199.57000732421875,202.0,198.38999938964844,201.39999389648438,1561600.0
2026-02-18,MPWR,1188.3199462890625,1188.3199462890625,1202.9200439453125,1172.3499755859375,1177.72998046875,357100.0
2026-02-18,MRK,121.66000366210938,121.66000366210938,121.80999755859375,120.38999938964844,121.25,7802300.0
2026-02-18,MRNA,46.599998474121094,46.599998474121094,47.68000030517578,45.654998779296875,46.689998626708984,13089500.0
2026-02-18,MRSH,178.11000061035156,178.11000061035156,178.19000244140625,175.60000610351562,176.30999755859375,2642600.0
2026-02-18,MS,176.58999633789062,176.58999633789062,177.30999755859375,173.4499969482422,173.49000549316406,6343300.0
2026-02-18,MSCI,545.25,545.25,545.8900146484375,530.3499755859375,534.1699829101562,798500.0
2026-02-18,MSFT,399.6000061035156,399.6000061035156,402.55999755859375,396.32000732421875,398.1300048828125,23169200.0
2026-02-18,MSI,451.6000061035156,451.6000061035156,458.94000244140625,448.4800109863281,455.80999755859375,1053200.0
2026-02-18,MTB,231.75,231.75,232.08999633789062,228.60000610351562,228.94000244140625,913100.0
2026-02-18,MTCH,30.280000686645508,30.280000686645508,30.5,29.940000534057617,30.1299991607666,3018600.0
2026-02-18,MTD,1375.5699462890625,1375.5699462890625,1383.97998046875,1346.25,1346.25,119700.0
2026-02-18,MU,420.95001220703125,420.95001220703125,427.8500061035156,394.6000061035156,399.5,32171800.0
2026-02-18,NCLH,24.350000381469727,24.350000381469727,24.84000015258789,23.309999465942383,23.81999969482422,26757300.0
2026-02-18,NDAQ,82.12999725341797,82.12999725341797,82.36000061035156,80.55999755859375,80.98999786376953,4812300.0
2026-02-18,NDSN,299.2900085449219,299.2900085449219,302.2099914550781,296.3800048828125,296.3800048828125,572000.0
2026-02-18,NEE,91.22000122070312,91.22000122070312,93.01000213623047,90.58999633789062,93.0,9063900.0
2026-02-18,NEM,124.69000244140625,124.69000244140625,127.33999633789062,123.44999694824219,125.11000061035156,7808100.0
2026-02-18,NFLX,77.98999786376953,77.98999786376953,78.31999969482422,76.27999877929688,77.31999969482422,29813200.0
2026-02-18,NI,45.29999923706055,45.29999923706055,46.68000030517578,45.22999954223633,46.630001068115234,3847800.0
2026-02-18,NKE,65.55000305175781,65.55000305175781,66.1500015258789,64.30999755859375,64.30999755859375,11206200.0
2026-02-18,NOC,724.8300170898438,724.8300170898438,725.5499877929688,702.489990234375,709.969970703125,1194000.0
2026-02-18,NOW,107.80999755859375,107.80999755859375,108.26000213623047,103.4000015258789,105.93000030517578,18111400.0
2026-02-18,NRG,171.05999755859375,171.05999755859375,176.44000244140625,170.5500030517578,174.5,1518100.0
2026-02-18,NSC,316.760009765625,316.760009765625,317.1300048828125,314.1000061035156,315.0,1337500.0
2026-02-18,NTAP,101.31999969482422,101.31999969482422,102.06999969482422,98.6500015258789,100.3499984741211,1844100.0
2026-02-18,NTRS,147.52000427246094,147.52000427246094,149.19000244140625,146.42999267578125,147.36000061035156,653900.0
2026-02-18,NUE,184.5399932861328,184.5399932861328,187.27999877929688,183.30999755859375,185.0500030517578,928300.0
2026-02-18,NVDA,187.97999572753906,187.97999572753906,190.3699951171875,186.75999450683594,188.75,164402400.0
2026-02-18,NVR,7523.1201171875,7523.1201171875,7544.7900390625,7360.3798828125,7394.3798828125,22500.0
2026-02-18,NWS,26.280000686645508,26.280000686645508,26.559999465942383,26.079999923706055,26.450000762939453,1460100.0
2026-02-18,NWSA,23.350000381469727,23.350000381469727,23.459999084472656,22.950000762939453,23.219999313354492,3299000.0
2026-02-18,NXPI,237.3300018310547,237.3300018310547,249.22999572753906,235.4600067138672,248.0800018310547,2884700.0
2026-02-18,O,65.06999969482422,65.06999969482422,66.44000244140625,65.0199966430664,66.4000015258789,7852700.0
2026-02-18,ODFL,193.80999755859375,193.80999755859375,195.17999267578125,192.08999633789062,192.08999633789062,1792600.0
2026-02-18,OKE,86.79000091552734,86.79000091552734,87.22000122070312,85.87999725341797,86.61000061035156,6067200.0
2026-02-18,OMC,70.16000366210938,70.16000366210938,70.51000213623047,67.45999908447266,67.9800033569336,6430200.0
2026-02-18,ON,70.66000366210938,70.66000366210938,73.76000213623047,70.0199966430664,73.55999755859375,8955800.0
2026-02-18,ORCL,156.1699981689453,156.1699981689453,157.3000030517578,151.3699951171875,154.41000366210938,14779800.0
2026-02-18,ORLY,92.75,92.75,93.62999725341797,91.8499984741211,92.43000030517578,4102500.0
2026-02-18,OTIS,92.7699966430664,92.7699966430664,92.79000091552734,90.55000305175781,91.9800033569336,3270900.0
2026-02-18,OXY,47.11000061035156,47.11000061035156,47.43000030517578,46.2599983215332,46.540000915527344,14077900.0
2026-02-18,PANW,152.35000610351562,152.35000610351562,155.27999877929688,147.14999389648438,149.5500030517578,26736600.0
2026-02-18,PAYC,124.22000122070312,124.22000122070312,125.63999938964844,122.37999725341797,123.94000244140625,3126600.0
2026-02-18,PAYX,94.29000091552734,94.29000091552734,94.7699966430664,92.83999633789062,93.5999984741211,2775100.0
2026-02-18,PCAR,125.16999816894531,125.16999816894531,127.16999816894531,124.9000015258789,126.80999755859375,3285200.0
2026-02-18,PCG,17.8799991607666,17.8799991607666,18.06999969482422,17.670000076293945,18.040000915527344,18459600.0
2026-02-18,PEG,84.36000061035156,84.36000061035156,87.13999938964844,84.26000213623047,86.83000183105469,2403400.0
2026-02-18,PEP,164.38999938964844,164.38999938964844,164.52999877929688,160.6300048828125,161.7899932861328,7239200.0
2026-02-18,PFE,27.3700008392334,27.3700008392334,27.479999542236328,27.209999084472656,27.440000534057617,24776100.0
2026-02-18,PFG,92.44999694824219,92.44999694824219,93.33999633789062,91.2699966430664,91.9800033569336,1402400.0
2026-02-18,PG,156.86000061035156,156.86000061035156,158.97999572753906,155.77000427246094,158.97999572753906,14432300.0
2026-02-18,PGR,203.27999877929688,203.27999877929688,208.89999389648438,201.24000549316406,208.39999389648438,4099300.0
2026-02-18,PH,997.5,997.5,1015.0,993.0800170898438,1012.010009765625,578900.0
2026-02-18,PHM,142.10000610351562,142.10000610351562,143.5399932861328,140.11000061035156,141.24000549316406,1747600.0
2026-02-18,PKG,239.02999877929688,239.02999877929688,242.25999450683594,237.1699981689453,239.35000610351562,1527300.0
2026-02-18,PLD,139.6300048828125,139.6300048828125,141.5800018310547,138.7100067138672,141.14999389648438,2751500.0
2026-02-18,PLTR,135.3800048828125,135.3800048828125,140.96299743652344,134.8699951171875,135.88999938964844,59466300.0
2026-02-18,PM,182.6699981689453,182.6699981689453,185.0,182.14999389648438,184.6699981689453,3548800.0
2026-02-18,PNC,232.74000549316406,232.74000549316406,235.3000030517578,231.4600067138672,231.86000061035156,2362600.0
2026-02-18,PNR,101.79000091552734,101.79000091552734,102.0199966430664,99.66000366210938,99.66000366210938,1513900.0
2026-02-18,PNW,97.55000305175781,97.55000305175781,98.87000274658203,97.33000183105469,98.87000274658203,1435500.0
2026-02-18,PODD,258.07000732421875,258.07000732421875,275.1000061035156,256.6199951171875,266.0,2073700.0
2026-02-18,POOL,255.3300018310547,255.3300018310547,258.3599853515625,250.5,253.82000732421875,732300.0
2026-02-18,PPG,128.25,128.25,129.72000122070312,126.13999938964844,129.32000732421875,3311900.0
2026-02-18,PPL,36.810001373291016,36.810001373291016,37.650001525878906,36.66999816894531,37.56999969482422,8909400.0
2026-02-18,PRU,104.33000183105469,104.33000183105469,105.45999908447266,103.48999786376953,103.48999786376953,1714800.0
2026-02-18,PSA,299.0,299.0,302.04998779296875,296.4200134277344,301.739990234375,1483200.0
2026-02-18,PSKY,11.119999885559082,11.119999885559082,11.25,10.699999809265137,10.829999923706055,7345600.0
2026-02-18,PSX,157.39999389648438,157.39999389648438,160.42999267578125,156.85000610351562,159.72000122070312,2608600.0
2026-02-18,PTC,155.5,155.5,156.0500030517578,152.80999755859375,153.8300018310547,986200.0
2026-02-18,PWR,519.3099975585938,519.3099975585938,535.6500244140625,518.719970703125,527.739990234375,1438500.0
2026-02-18,PYPL,41.45000076293945,41.45000076293945,41.7599983215332,40.59000015258789,40.77000045776367,17913400.0
2026-02-18,Q,115.25,115.25,117.1500015258789,111.6500015258789,111.83999633789062,3414300.0
2026-02-18,QCOM,143.24000549316406,143.24000549316406,144.47999572753906,140.72000122070312,143.5,9943300.0
2026-02-18,RCL,318.82000732421875,318.82000732421875,327.239990234375,316.5799865722656,320.70001220703125,1725600.0
2026-02-18,REG,75.72000122070312,75.72000122070312,76.94000244140625,75.52999877929688,76.72000122070312,1129700.0
2026-02-18,REGN,792.1599731445312,792.1599731445312,797.0,786.7899780273438,793.530029296875,675900.0
2026-02-18,RF,30.059999465942383,30.059999465942383,30.299999237060547,29.75,29.8700008392334,11337500.0
2026-02-18,RJF,161.16000366210938,161.16000366210938,161.5800018310547,158.02000427246094,158.77999877929688,1338300.0
2026-02-18,RL,378.0799865722656,378.0799865722656,380.8599853515625,368.0199890136719,368.0199890136719,510800.0
2026-02-18,RMD,258.9100036621094,258.9100036621094,262.1700134277344,255.08999633789062,255.83999633789062,1226500.0
2026-02-18,ROK,396.4599914550781,396.4599914550781,399.8800048828125,387.17999267578125,388.4700012207031,1244500.0
2026-02-18,ROL,60.25,60.25,60.439998626708984,59.2400016784668,59.880001068115234,4982100.0
2026-02-18,ROP,327.6000061035156,327.6000061035156,328.79998779296875,313.739990234375,316.79998779296875,2136200.0
2026-02-18,ROST,200.3800048828125,200.3800048828125,200.60000610351562,197.16000366210938,197.69000244140625,2205100.0
2026-02-18,RSG,216.83999633789062,216.83999633789062,219.3000030517578,209.47999572753906,219.3000030517578,2974900.0
2026-02-18,RTX,204.80999755859375,204.80999755859375,206.00999450683594,202.80999755859375,205.50999450683594,6393900.0
2026-02-18,RVTY,97.73999786376953,97.73999786376953,98.0999984741211,95.11000061035156,95.11000061035156,856500.0
2026-02-18,SBAC,197.4600067138672,197.4600067138672,203.5500030517578,195.5500030517578,202.80999755859375,1020300.0
2026-02-18,SBUX,95.76000213623047,95.76000213623047,96.66000366210938,94.26000213623047,95.04000091552734,6067000.0
2026-02-18,SCHW,95.37999725341797,95.37999725341797,95.86000061035156,93.5,93.91000366210938,16284800.0
2026-02-18,SHW,365.760009765625,365.760009765625,368.8999938964844,364.75,368.0,1188700.0
2026-02-18,SJM,107.69000244140625,107.69000244140625,107.83999633789062,104.2699966430664,106.05000305175781,2631200.0
2026-02-18,SLB,51.59000015258789,51.59000015258789,51.63999938964844,50.5099983215332,50.810001373291016,16431700.0
2026-02-18,SMCI,29.709999084472656,29.709999084472656,30.420000076293945,29.350000381469727,30.200000762939453,16767100.0
2026-02-18,SNA,384.3599853515625,384.3599853515625,386.4599914550781,381.3900146484375,382.1600036621094,359200.0
2026-02-18,SNDK,600.4000244140625,600.4000244140625,616.97998046875,574.5,582.489990234375,25022600.0
2026-02-18,SNPS,442.30999755859375,442.30999755859375,446.9100036621094,433.2099914550781,438.3599853515625,2147600.0
2026-02-18,SO,91.04000091552734,91.04000091552734,92.41000366210938,90.81999969482422,92.22000122070312,9786800.0
2026-02-18,SOLV,74.91000366210938,74.91000366210938,75.37999725341797,73.30999755859375,73.30999755859375,1188900.0
2026-02-18,SPG,199.6300048828125,199.6300048828125,203.0,198.75,201.7100067138672,1687900.0
2026-02-18,SPGI,419.3800048828125,419.3800048828125,422.6099853515625,413.1700134277344,414.0,3112200.0
2026-02-18,SRE,91.7300033569336,91.7300033569336,93.8499984741211,91.58000183105469,93.0199966430664,3420700.0
2026-02-18,STE,249.35000610351562,249.35000610351562,250.86000061035156,244.7899932861328,245.97000122070312,815600.0
2026-02-18,STLD,192.74000549316406,192.74000549316406,195.66000366210938,190.00999450683594,194.05999755859375,1137300.0
2026-02-18,STT,129.67999267578125,129.67999267578125,131.4600067138672,128.35000610351562,128.64999389648438,1712400.0
2026-02-18,STX,424.1400146484375,424.1400146484375,434.95001220703125,417.29998779296875,418.94000244140625,2862200.0
2026-02-18,STZ,156.2899932861328,156.2899932861328,156.91000366210938,149.7899932861328,150.32000732421875,2395700.0
2026-02-18,SW,51.84000015258789,51.84000015258789,51.91999816894531,50.04999923706055,50.33000183105469,8146000.0
2026-02-18,SWK,89.83000183105469,89.83000183105469,92.44999694824219,89.02999877929688,90.87999725341797,1727900.0
2026-02-18,SWKS,62.0,62.0,62.849998474121094,61.5099983215332,62.400001525878906,2433200.0
2026-02-18,SYF,72.8499984741211,72.8499984741211,73.0,71.97000122070312,72.7699966430664,3458400.0
2026-02-18,SYK,377.32000732421875,377.32000732421875,377.3399963378906,366.1000061035156,367.6499938964844,2670000.0
2026-02-18,SYY,89.27999877929688,89.27999877929688,90.36000061035156,89.0,89.47000122070312,3430000.0
2026-02-18,T,27.8799991607666,27.8799991607666,28.719999313354492,27.81999969482422,28.6299991607666,33170800.0
2026-02-18,TAP,50.81999969482422,50.81999969482422,52.029998779296875,50.439998626708984,50.560001373291016,4481300.0
2026-02-18,TDG,1315.3299560546875,1315.3299560546875,1324.989990234375,1297.6800537109375,1313.3199462890625,347800.0
2026-02-18,TDY,662.6599731445312,662.6599731445312,664.5800170898438,645.2999877929688,651.8699951171875,233200.0
2026-02-18,TECH,59.33000183105469,59.33000183105469,59.68000030517578,57.91999816894531,58.54999923706055,1836400.0
2026-02-18,TEL,235.6300048828125,235.6300048828125,240.69000244140625,233.9499969482422,236.5,1449100.0
2026-02-18,TER,314.82000732421875,314.82000732421875,321.7799987792969,304.6499938964844,306.9200134277344,2752900.0
2026-02-18,TFC,52.689998626708984,52.689998626708984,53.0099983215332,52.15999984741211,52.2400016784668,6804400.0
2026-02-18,TGT,115.66000366210938,115.66000366210938,116.83000183105469,114.75,115.75,5607600.0
2026-02-18,TJX,157.22999572753906,157.22999572753906,157.32000732421875,155.9600067138672,156.33999633789062,2944200.0
2026-02-18,TKO,213.27999877929688,213.27999877929688,214.60000610351562,208.49000549316406,209.94000244140625,522200.0
2026-02-18,TMO,513.5599975585938,513.5599975585938,514.1599731445312,498.4200134277344,500.5199890136719,2662300.0
2026-02-18,TMUS,213.25,213.25,220.60000610351562,212.89999389648438,220.17999267578125,7435300.0
2026-02-18,TPL,440.7099914550781,440.7099914550781,445.6099853515625,425.04998779296875,430.0,935800.0
2026-02-18,TPR,155.0,155.0,156.0399932861328,151.60000610351562,152.49000549316406,1610800.0
2026-02-18,TRGP,227.6199951171875,227.6199951171875,230.0,226.1699981689453,229.47999572753906,1946000.0
2026-02-18,TRMB,66.91000366210938,66.91000366210938,67.38999938964844,65.62000274658203,65.63999938964844,1766600.0
2026-02-18,TROW,94.93000030517578,94.93000030517578,95.63999938964844,93.70999908447266,94.2699966430664,1684000.0
2026-02-18,TRV,298.4599914550781,298.4599914550781,300.6600036621094,295.1099853515625,299.69000244140625,1343300.0
2026-02-18,TSCO,52.540000915527344,52.540000915527344,52.83000183105469,51.75,52.5099983215332,4425400.0
2026-02-18,TSLA,411.32000732421875,411.32000732421875,416.8999938964844,409.5799865722656,411.1099853515625,45831600.0
2026-02-18,TSN,63.959999084472656,63.959999084472656,64.05999755859375,62.619998931884766,62.93000030517578,2940700.0
2026-02-18,TT,459.44000244140625,459.44000244140625,470.4200134277344,458.1600036621094,469.0400085449219,1293100.0
2026-02-18,TTD,25.5,25.5,25.84000015258789,24.940000534057617,25.1299991607666,17326400.0
2026-02-18,TTWO,199.1300048828125,199.1300048828125,200.08999633789062,193.88999938964844,194.72999572753906,1930400.0
2026-02-18,TXN,223.32000732421875,223.32000732421875,230.0,221.36000061035156,229.8800048828125,6667800.0
2026-02-18,TXT,100.25,100.25,101.56999969482422,99.30999755859375,100.26000213623047,1997200.0
2026-02-18,TYL,317.239990234375,317.239990234375,325.0,312.7200012207031,314.510009765625,930100.0
2026-02-18,UAL,116.93000030517578,116.93000030517578,118.36000061035156,108.30999755859375,111.0,8203300.0
2026-02-18,UBER,72.7699966430664,72.7699966430664,73.2699966430664,70.11499786376953,70.26000213623047,18200700.0
2026-02-18,UDR,38.25,38.25,38.34000015258789,37.90999984741211,38.06999969482422,2920400.0
2026-02-18,UHS,235.2899932861328,235.2899932861328,237.55999755859375,232.63999938964844,234.16000366210938,686900.0
2026-02-18,ULTA,689.4199829101562,689.4199829101562,714.969970703125,685.5,700.0999755859375,620500.0
2026-02-18,UNH,288.20001220703125,288.20001220703125,290.1300048828125,286.2900085449219,290.0,6629100.0
2026-02-18,UNP,265.0,265.0,265.07000732421875,260.57000732421875,261.1499938964844,3266200.0
2026-02-18,UPS,116.12000274658203,116.12000274658203,116.36000061035156,114.20999908447266,115.16999816894531,4358900.0
2026-02-18,URI,880.1799926757812,880.1799926757812,881.52001953125,854.6400146484375,863.260009765625,414200.0
2026-02-18,USB,58.7599983215332,58.7599983215332,59.040000915527344,58.09000015258789,58.18000030517578,7355400.0
2026-02-18,V,320.29998779296875,320.29998779296875,322.2799987792969,316.7200012207031,319.5,7091900.0
2026-02-18,VICI,29.719999313354492,29.719999313354492,29.84000015258789,29.530000686645508,29.799999237060547,11609300.0
2026-02-18,VLO,199.4600067138672,199.4600067138672,200.44000244140625,196.99000549316406,199.5500030517578,2052200.0
2026-02-18,VLTO,94.27999877929688,94.27999877929688,94.41999816894531,91.61000061035156,92.27999877929688,2603300.0
2026-02-18,VMC,299.3599853515625,299.3599853515625,304.3299865722656,297.8299865722656,302.2200012207031,1584800.0
2026-02-18,VRSK,184.07000732421875,184.07000732421875,194.4199981689453,178.2899932861328,194.4199981689453,3417800.0
2026-02-18,VRSN,218.5500030517578,218.5500030517578,219.4199981689453,214.1300048828125,216.25,703900.0
2026-02-18,VRTX,470.30999755859375,470.30999755859375,477.7200012207031,466.45001220703125,473.67999267578125,1662600.0
2026-02-18,VST,170.57000732421875,170.57000732421875,175.5,169.61000061035156,174.00999450683594,3617200.0
2026-02-18,VTR,85.73999786376953,85.73999786376953,87.19999694824219,85.70999908447266,86.68000030517578,2812800.0
2026-02-18,VTRS,16.049999237060547,16.049999237060547,16.06999969482422,15.600000381469727,15.6899995803833,11019000.0
2026-02-18,VZ,48.04999923706055,48.04999923706055,48.95000076293945,47.83000183105469,48.63999938964844,29304200.0
2026-02-18,WAB,259.3299865722656,259.3299865722656,263.6600036621094,258.2799987792969,260.0799865722656,1250500.0
2026-02-18,WAT,327.5299987792969,327.5299987792969,328.4800109863281,317.1499938964844,320.1099853515625,1423100.0
2026-02-18,WBD,28.790000915527344,28.790000915527344,28.969999313354492,28.59000015258789,28.860000610351562,19345200.0
2026-02-18,WDAY,142.6300048828125,142.6300048828125,144.47999572753906,139.3800048828125,141.5800018310547,5232900.0
2026-02-18,WDC,296.55999755859375,296.55999755859375,309.8999938964844,284.7900085449219,289.0,12146400.0
2026-02-18,WEC,113.72000122070312,113.72000122070312,115.58999633789062,113.33999633789062,115.58999633789062,2829400.0
2026-02-18,WELL,208.58999633789062,208.58999633789062,215.55999755859375,208.22000122070312,214.83999633789062,4433500.0
2026-02-18,WFC,88.55999755859375,88.55999755859375,89.4000015258789,87.6500015258789,87.81999969482422,8250900.0
2026-02-18,WM,234.05999755859375,234.05999755859375,235.24000549316406,231.1300048828125,235.22000122070312,1694300.0
2026-02-18,WMB,72.13999938964844,72.13999938964844,72.97000122070312,71.81999969482422,72.66999816894531,7867000.0
2026-02-18,WMT,126.62000274658203,126.62000274658203,128.8699951171875,125.7699966430664,128.1300048828125,36412900.0
2026-02-18,WRB,70.80000305175781,70.80000305175781,71.29000091552734,69.9000015258789,71.04000091552734,1840600.0
2026-02-18,WSM,213.9600067138672,213.9600067138672,216.61000061035156,210.22999572753906,211.0,769000.0
2026-02-18,WST,248.25999450683594,248.25999450683594,248.4600067138672,243.88999938964844,243.89999389648438,813700.0
2026-02-18,WTW,301.9200134277344,301.9200134277344,302.3999938964844,295.95001220703125,295.95001220703125,1121200.0
2026-02-18,WY,26.270000457763672,26.270000457763672,26.979999542236328,26.110000610351562,26.760000228881836,4743400.0
2026-02-18,WYNN,116.30999755859375,116.30999755859375,118.79000091552734,114.30999755859375,114.30999755859375,1604400.0
2026-02-18,XEL,79.68000030517578,79.68000030517578,81.0199966430664,79.37999725341797,80.75,4064100.0
2026-02-18,XOM,150.67999267578125,150.67999267578125,150.97999572753906,147.61000061035156,148.14999389648438,19841900.0
2026-02-18,XYL,129.24000549316406,129.24000549316406,130.47000122070312,127.43000030517578,127.9000015258789,1864300.0
2026-02-18,XYZ,53.599998474121094,53.599998474121094,54.22999954223633,51.619998931884766,52.0099983215332,8413200.0
2026-02-18,YUM,162.91000366210938,162.91000366210938,164.39999389648438,160.67999267578125,161.02000427246094,1723300.0
2026-02-18,ZBH,98.25,98.25,98.56999969482422,96.36000061035156,96.87000274658203,2437500.0
2026-02-18,ZBRA,252.52000427246094,252.52000427246094,263.4100036621094,249.14999389648438,260.8500061035156,913900.0
2026-02-18,ZTS,129.1300048828125,129.1300048828125,129.1999969482422,124.5,125.9000015258789,4494900.0
